[
    {
        "_id": "62e2f88a2c7813c13ae36c76",
        "index": 0,
        "guid": "3173c05f-938e-4b4b-8fb9-51b6d096c66f",
        "isActive": true,
        "balance": "$2,637.19",
        "picture": "http://placehold.it/32x32",
        "age": 33,
        "eyeColor": "green",
        "name": "Flores Freeman",
        "gender": "male",
        "company": "CANOPOLY",
        "email": "floresfreeman@canopoly.com",
        "phone": "+1 (979) 446-2387",
        "address": "439 Bond Street, Blende, Connecticut, 1814",
        "about": "Aliquip officia sint sit veniam do ex eu officia officia anim exercitation ut est veniam. Est ea fugiat exercitation ipsum quis exercitation. Ipsum excepteur eu irure est cupidatat ex consectetur eiusmod. Quis non aute officia anim consequat ea ad aliquip eu nostrud tempor velit.\r\n",
        "registered": "2016-02-13T08:38:30 -02:00",
        "latitude": -9.228436,
        "longitude": 90.254984,
        "tags": [
            "ullamco",
            "esse",
            "incididunt",
            "elit",
            "culpa",
            "ipsum",
            "dolor"
        ],
        "friends": [
            {
                "id": 0,
                "name": "Oconnor Crawford"
            },
            {
                "id": 1,
                "name": "Patel Wilson"
            },
            {
                "id": 2,
                "name": "Hobbs Rios"
            }
        ],
        "greeting": "Hello, Flores Freeman! You have 3 unread messages.",
        "favoriteFruit": "apple"
    },
    {
        "_id": "62e2f88a877099c5d30ccb44",
        "index": 1,
        "guid": "5db53fa8-6699-417e-a742-86c73fac47f8",
        "isActive": false,
        "balance": "$1,528.72",
        "picture": "http://placehold.it/32x32",
        "age": 23,
        "eyeColor": "green",
        "name": "Sanford Hardin",
        "gender": "male",
        "company": "WRAPTURE",
        "email": "sanfordhardin@wrapture.com",
        "phone": "+1 (875) 492-3425",
        "address": "747 Bragg Street, Chical, Vermont, 9806",
        "about": "Laborum reprehenderit magna et reprehenderit qui reprehenderit ea amet laboris dolore. Officia ex culpa commodo Lorem exercitation consectetur culpa reprehenderit do laboris occaecat. Irure pariatur id reprehenderit sit consectetur deserunt. Eiusmod aliqua aliquip anim cupidatat id. Fugiat ullamco eu qui consequat pariatur in minim. Sunt qui ipsum pariatur mollit non incididunt nisi. Ea eu magna dolor excepteur commodo anim ipsum ex incididunt adipisicing dolore id nulla labore.\r\n",
        "registered": "2015-02-08T10:04:37 -02:00",
        "latitude": 17.53178,
        "longitude": -32.387918,
        "tags": [
            "adipisicing",
            "laboris",
            "ad",
            "fugiat",
            "nulla",
            "labore",
            "nostrud"
        ],
        "friends": [
            {
                "id": 0,
                "name": "Bettie Palmer"
            },
            {
                "id": 1,
                "name": "Casey Simon"
            },
            {
                "id": 2,
                "name": "Norman Mathews"
            }
        ],
        "greeting": "Hello, Sanford Hardin! You have 5 unread messages.",
        "favoriteFruit": "strawberry"
    },
    {
        "_id": "62e2f88a4729ae057b82bd3c",
        "index": 2,
        "guid": "fc2db9f7-8981-4393-9034-45a85802771a",
        "isActive": true,
        "balance": "$2,883.11",
        "picture": "http://placehold.it/32x32",
        "age": 27,
        "eyeColor": "blue",
        "name": "Jeannie Riggs",
        "gender": "female",
        "company": "GEEKKO",
        "email": "jeannieriggs@geekko.com",
        "phone": "+1 (983) 504-2561",
        "address": "600 Harway Avenue, Sunnyside, Maine, 3329",
        "about": "Ea veniam consequat ad magna. Nulla adipisicing ut sint sint eiusmod elit culpa excepteur commodo irure cupidatat incididunt est. Voluptate pariatur proident est velit tempor cillum pariatur. Exercitation quis aute tempor ipsum proident mollit consectetur cillum. Eiusmod esse quis ut adipisicing cupidatat consectetur.\r\n",
        "registered": "2021-06-27T11:37:05 -02:00",
        "latitude": -16.907045,
        "longitude": 125.49032,
        "tags": [
            "excepteur",
            "sint",
            "consequat",
            "esse",
            "sint",
            "dolore",
            "aliquip"
        ],
        "friends": [
            {
                "id": 0,
                "name": "Obrien Sweeney"
            },
            {
                "id": 1,
                "name": "Jodie Whitfield"
            },
            {
                "id": 2,
                "name": "Newton Figueroa"
            }
        ],
        "greeting": "Hello, Jeannie Riggs! You have 4 unread messages.",
        "favoriteFruit": "apple"
    },
    {
        "_id": "62e2f88a95756bbf4d991d90",
        "index": 3,
        "guid": "484680ad-12d1-4478-9eae-d889de784cf5",
        "isActive": false,
        "balance": "$1,450.84",
        "picture": "http://placehold.it/32x32",
        "age": 20,
        "eyeColor": "brown",
        "name": "Ellison Patton",
        "gender": "male",
        "company": "XSPORTS",
        "email": "ellisonpatton@xsports.com",
        "phone": "+1 (875) 445-2267",
        "address": "621 Diamond Street, Ogema, Massachusetts, 6936",
        "about": "Sint magna ut et magna occaecat do amet ipsum. Sit nisi nulla incididunt reprehenderit ex anim officia elit anim id ex velit. Labore in elit enim duis dolore ad est in adipisicing sint irure duis. Magna incididunt culpa occaecat sint nostrud exercitation mollit cillum sint. Veniam magna esse adipisicing veniam anim. Commodo eu aliquip nostrud qui eiusmod in in excepteur adipisicing excepteur. Commodo excepteur sunt velit est.\r\n",
        "registered": "2014-04-18T05:34:57 -02:00",
        "latitude": 43.877912,
        "longitude": 176.812905,
        "tags": [
            "commodo",
            "nostrud",
            "in",
            "id",
            "ullamco",
            "pariatur",
            "culpa"
        ],
        "friends": [
            {
                "id": 0,
                "name": "Morales Daugherty"
            },
            {
                "id": 1,
                "name": "Kramer Booth"
            },
            {
                "id": 2,
                "name": "Karina Kane"
            }
        ],
        "greeting": "Hello, Ellison Patton! You have 10 unread messages.",
        "favoriteFruit": "strawberry"
    },
    {
        "_id": "62e2f88a26d59caa1a7ad602",
        "index": 4,
        "guid": "83aace12-fbf7-4c62-9a8a-23fe160c3dec",
        "isActive": false,
        "balance": "$3,405.01",
        "picture": "http://placehold.it/32x32",
        "age": 20,
        "eyeColor": "green",
        "name": "Florine Hart",
        "gender": "female",
        "company": "ONTALITY",
        "email": "florinehart@ontality.com",
        "phone": "+1 (891) 572-3130",
        "address": "810 Burnett Street, Leming, Arizona, 9755",
        "about": "Labore eu ullamco deserunt cillum laboris qui enim minim consectetur voluptate exercitation esse ipsum. Ullamco qui adipisicing ad mollit exercitation exercitation laboris id id est. Ea ullamco ex fugiat nulla non cupidatat minim mollit fugiat proident qui. Consectetur anim qui ad deserunt eu dolor excepteur fugiat ad irure. Culpa elit veniam fugiat ea cupidatat.\r\n",
        "registered": "2018-08-08T10:23:49 -02:00",
        "latitude": 8.610174,
        "longitude": -56.221747,
        "tags": [
            "sint",
            "id",
            "aliquip",
            "ea",
            "excepteur",
            "quis",
            "sint"
        ],
        "friends": [
            {
                "id": 0,
                "name": "Vasquez Wright"
            },
            {
                "id": 1,
                "name": "Houston Jimenez"
            },
            {
                "id": 2,
                "name": "Davidson Mooney"
            }
        ],
        "greeting": "Hello, Florine Hart! You have 3 unread messages.",
        "favoriteFruit": "strawberry"
    },
    {
        "_id": "62e2f88a0ad7dfe93e772515",
        "index": 5,
        "guid": "680e7186-c2b0-4a6c-a64e-f0a5b2426bfb",
        "isActive": true,
        "balance": "$2,814.15",
        "picture": "http://placehold.it/32x32",
        "age": 25,
        "eyeColor": "green",
        "name": "Hanson Houston",
        "gender": "male",
        "company": "ROBOID",
        "email": "hansonhouston@roboid.com",
        "phone": "+1 (994) 475-3990",
        "address": "514 Fane Court, Cliff, Texas, 511",
        "about": "Sint aliqua consequat quis tempor labore reprehenderit incididunt id pariatur. Do cupidatat tempor magna ex eiusmod esse. Adipisicing proident non deserunt eu. Magna anim sint incididunt eu anim labore tempor.\r\n",
        "registered": "2014-09-24T12:27:29 -02:00",
        "latitude": 78.92029,
        "longitude": 53.680841,
        "tags": [
            "sunt",
            "ipsum",
            "sit",
            "sunt",
            "dolor",
            "officia",
            "tempor"
        ],
        "friends": [
            {
                "id": 0,
                "name": "Owens Watts"
            },
            {
                "id": 1,
                "name": "Mcfarland Dunlap"
            },
            {
                "id": 2,
                "name": "Tamra Bradley"
            }
        ],
        "greeting": "Hello, Hanson Houston! You have 7 unread messages.",
        "favoriteFruit": "strawberry"
    },
    {
        "_id": "62e2f88a33e5249f4c74919c",
        "index": 6,
        "guid": "f92931f4-1749-4a37-95f4-8f1d1c9fe9a2",
        "isActive": true,
        "balance": "$1,991.09",
        "picture": "http://placehold.it/32x32",
        "age": 32,
        "eyeColor": "green",
        "name": "Everett Cash",
        "gender": "male",
        "company": "DOGSPA",
        "email": "everettcash@dogspa.com",
        "phone": "+1 (807) 583-3848",
        "address": "475 Turner Place, Yardville, Washington, 8388",
        "about": "Cupidatat quis ipsum quis et aliquip amet nostrud amet dolor proident ut. Qui exercitation amet reprehenderit duis. Culpa reprehenderit laborum velit amet culpa. Ex excepteur excepteur ullamco amet sint pariatur. Elit aliquip adipisicing ex cupidatat mollit pariatur ipsum reprehenderit nisi consectetur labore. Sit ut veniam et tempor aliquip nisi esse.\r\n",
        "registered": "2020-12-01T03:05:15 -02:00",
        "latitude": -78.379867,
        "longitude": 117.876651,
        "tags": [
            "sint",
            "duis",
            "labore",
            "sint",
            "pariatur",
            "esse",
            "do"
        ],
        "friends": [
            {
                "id": 0,
                "name": "Bridgette Hull"
            },
            {
                "id": 1,
                "name": "Della Sloan"
            },
            {
                "id": 2,
                "name": "Head Keller"
            }
        ],
        "greeting": "Hello, Everett Cash! You have 5 unread messages.",
        "favoriteFruit": "strawberry"
    }
]