[
    {
        "id": 4051,
        "name": "manoj",
        "email": "manoj@gmail.com",
        "password": "Test@123",
        "about": null,
        "token": "7f471974-ae46-4ac0-a882-1980c300c4d6",
        "country": null,
        "location": null,
        "lng": 0,
        "lat": 0,
        "dob": null,
        "gender": 0,
        "userType": 1,
        "userStatus": 1,
        "profilePicture": "Images/9b291404-bc2e-4806-88c5-08d29e65a5ad.png",
        "coverPicture": "Images/44af97d9-b8c9-4ec1-a099-010671db25b7.png",
        "enablefollowme": false,
        "sendmenotifications": false,
        "sendTextmessages": false,
        "enabletagging": false,
        "createdAt": "2020-01-01T11:13:27.1107739",
        "updatedAt": "2020-01-02T09:16:49.284864",
        "livelng": 77.389849,
        "livelat": 28.6282231,
        "liveLocation": "Unnamed Road, Chhijarsi, Sector 63, Noida, Uttar Pradesh 201307, India",
        "creditBalance": 127,
        "myCash": 0
    },
    {
        "id": 4050,
        "name": "pankaj",
        "email": "p1@gmail.com",
        "password": "Test@123",
        "about": null,
        "token": "e269eeef-1de1-4438-885a-e30a9ad26106",
        "country": null,
        "location": null,
        "lng": 0,
        "lat": 0,
        "dob": null,
        "gender": 0,
        "userType": 1,
        "userStatus": 1,
        "profilePicture": null,
        "coverPicture": null,
        "enablefollowme": false,
        "sendmenotifications": false,
        "sendTextmessages": false,
        "enabletagging": false,
        "createdAt": "2020-01-01T07:39:34.1618239",
        "updatedAt": "2020-01-01T07:39:34.161824",
        "livelng": 0,
        "livelat": 0,
        "liveLocation": null,
        "creditBalance": 0,
        "myCash": 0
    },
    {
        "id": 3050,
        "name": "Neeraj1993",
        "email": "neeraj.singh@adequateinfosoft.com",
        "password": "286956",
        "about": null,
        "token": "562c2fb5-6799-4b51-8733-a60564c96adc",
        "country": null,
        "location": null,
        "lng": 0,
        "lat": 0,
        "dob": null,
        "gender": 0,
        "userType": 1,
        "userStatus": 1,
        "profilePicture": null,
        "coverPicture": null,
        "enablefollowme": false,
        "sendmenotifications": false,
        "sendTextmessages": false,
        "enabletagging": false,
        "createdAt": "2019-12-27T10:16:05.6578091",
        "updatedAt": "2019-12-27T10:22:30.8416992",
        "livelng": 77.389849,
        "livelat": 28.6282231,
        "liveLocation": "Unnamed Road, Chhijarsi, Sector 63, Noida, Uttar Pradesh 201307, India",
        "creditBalance": 0,
        "myCash": 0
    },
    {
        "id": 3049,
        "name": "Sophia",
        "email": "sophia@gmail.com",
        "password": "Test@123",
        "about": "Yo",
        "token": "f3bc9393-ad13-41a2-a69b-b607a42d829f",
        "country": null,
        "location": "18302 Lorance Trail, Little Rock, AR 72206, USA",
        "lng": 0,
        "lat": 0,
        "dob": "2019-12-19T11:54:19",
        "gender": 2,
        "userType": 1,
        "userStatus": 1,
        "profilePicture": null,
        "coverPicture": null,
        "enablefollowme": false,
        "sendmenotifications": false,
        "sendTextmessages": false,
        "enabletagging": false,
        "createdAt": "2019-12-26T07:36:22.3481221",
        "updatedAt": "2019-12-26T07:36:22.3481222",
        "livelng": 77.3674236,
        "livelat": 28.6260665,
        "liveLocation": "35, Block A, Industrial Area, Sector 62, Noida, Uttar Pradesh 201309, India",
        "creditBalance": 36,
        "myCash": 0
    },
    {
        "id": 3048,
        "name": "Raju Prasad",
        "email": "raju.nsit@gmail.com",
        "password": "Raju@1234",
        "about": "Don't Quit Your Day Dream",
        "token": "b3eda104-0771-4804-8be2-0e6d7c16412d",
        "country": null,
        "location": "Karbala Rd, Block G, Sector 5, Dakshinpuri, New Delhi, Delhi 110044, India",
        "lng": 0,
        "lat": 0,
        "dob": "2019-12-01T01:55:34",
        "gender": 1,
        "userType": 1,
        "userStatus": 1,
        "profilePicture": "Images/291d0a5a-c8c2-45ac-b79f-cc04e0c6f31e.png",
        "coverPicture": "Images/7aa45b5d-3adf-4da0-a0fe-694f069e9049.png",
        "enablefollowme": true,
        "sendmenotifications": true,
        "sendTextmessages": true,
        "enabletagging": true,
        "createdAt": "2019-12-26T07:17:08.3460039",
        "updatedAt": "2019-12-26T14:27:00.4327446",
        "livelng": 77.3674236,
        "livelat": 28.6260665,
        "liveLocation": "35, Block A, Industrial Area, Sector 62, Noida, Uttar Pradesh 201309, India",
        "creditBalance": 5,
        "myCash": 0
    },
    {
        "id": 3047,
        "name": "Ankiish Thapliyal",
        "email": "thapliyalankiish958@gmail.com",
        "password": "Test@1234",
        "about": "I failed many opportunities may times but I am the one who tries again and again every time with a smile.",
        "token": "caf070df-d2c2-4e99-ba06-9482ef5eb7ba",
        "country": null,
        "location": "Dehradun",
        "lng": 0,
        "lat": 0,
        "dob": "2019-12-31T03:02:48",
        "gender": 1,
        "userType": 1,
        "userStatus": 1,
        "profilePicture": "Images/0da0ca00-cfaf-41e8-ab39-cbff55ec64b3.png",
        "coverPicture": "Images/088fd182-2a2d-4a72-946d-a90d047e4557.png",
        "enablefollowme": true,
        "sendmenotifications": true,
        "sendTextmessages": true,
        "enabletagging": true,
        "createdAt": "2019-12-26T07:13:01.9262534",
        "updatedAt": "2019-12-30T11:11:00.4082038",
        "livelng": 77.3790036,
        "livelat": 28.630186199999997,
        "liveLocation": "Suite No. 203 H - 15 Rise tower, Sector 63, H Block, Sector 62, Noida, Uttar Pradesh 201301, India",
        "creditBalance": 167,
        "myCash": 0
    },
    {
        "id": 3046,
        "name": "Aryan Thapliyal",
        "email": "ashithewarrior@gmail.com",
        "password": "Test@1234",
        "about": "Testing is required for an effective performance of software application or product. It's important to ensure that the application should not result into any failures because it can be very expensive in the future or in the later stages of the development",
        "token": "c8cb5636-cd01-4133-adac-360cecc710af",
        "country": null,
        "location": "Dehradun",
        "lng": 0,
        "lat": 0,
        "dob": "2019-12-01T05:20:43",
        "gender": 1,
        "userType": 1,
        "userStatus": 1,
        "profilePicture": "Images/8a8a93f3-5696-4387-84e5-ac632cc85ec1.png",
        "coverPicture": "Images/cdaf5fa5-e786-49a6-a1d5-453b532f3d8d.png",
        "enablefollowme": false,
        "sendmenotifications": false,
        "sendTextmessages": false,
        "enabletagging": false,
        "createdAt": "2019-12-26T07:10:53.2318238",
        "updatedAt": "2019-12-30T05:32:04.0700419",
        "livelng": 77.37901219999999,
        "livelat": 28.630237299999997,
        "liveLocation": "H15, H Block, Sector 63, Noida, Uttar Pradesh 201301, India",
        "creditBalance": 160,
        "myCash": 0
    },
    {
        "id": 3045,
        "name": "shivam",
        "email": "shivam@gmail.com",
        "password": "Shivam@123",
        "about": null,
        "token": "59b6f0af-fc25-4a6b-b865-5fb29023c6df",
        "country": null,
        "location": null,
        "lng": 0,
        "lat": 0,
        "dob": null,
        "gender": 0,
        "userType": 1,
        "userStatus": 1,
        "profilePicture": "Images/da45be05-a363-4b27-bdf7-1a8c9a912ae1.png",
        "coverPicture": "Images/4885d2c3-3c86-4ed7-b28b-e1900d618724.png",
        "enablefollowme": false,
        "sendmenotifications": false,
        "sendTextmessages": false,
        "enabletagging": false,
        "createdAt": "2019-12-26T07:01:24.5014557",
        "updatedAt": "2019-12-26T07:02:16.9663295",
        "livelng": 77.3674236,
        "livelat": 28.6260665,
        "liveLocation": "35, Block A, Industrial Area, Sector 62, Noida, Uttar Pradesh 201309, India",
        "creditBalance": 11,
        "myCash": 0
    },
    {
        "id": 3044,
        "name": "Navya Upadhyay",
        "email": "navya.adequate@gmail.com",
        "password": "navya2123",
        "about": null,
        "token": "0362f1b5-80be-4dff-bd40-c236c79561eb",
        "country": null,
        "location": null,
        "lng": 0,
        "lat": 0,
        "dob": null,
        "gender": 0,
        "userType": 1,
        "userStatus": 1,
        "profilePicture": null,
        "coverPicture": null,
        "enablefollowme": false,
        "sendmenotifications": false,
        "sendTextmessages": false,
        "enabletagging": false,
        "createdAt": "2019-12-26T06:53:22.1076016",
        "updatedAt": "2019-12-26T06:53:22.1076017",
        "livelng": 0,
        "livelat": 0,
        "liveLocation": null,
        "creditBalance": 5,
        "myCash": 0
    },
    {
        "id": 3043,
        "name": "Ritu singh",
        "email": "ritusinghadequate@gmail.com",
        "password": "ritusingh1234",
        "about": null,
        "token": "a268517f-960a-418a-9c89-48708372702d",
        "country": null,
        "location": null,
        "lng": 0,
        "lat": 0,
        "dob": null,
        "gender": 0,
        "userType": 1,
        "userStatus": 1,
        "profilePicture": null,
        "coverPicture": null,
        "enablefollowme": false,
        "sendmenotifications": false,
        "sendTextmessages": false,
        "enabletagging": false,
        "createdAt": "2019-12-26T06:53:10.2343196",
        "updatedAt": "2019-12-26T06:53:10.2343197",
        "livelng": 0,
        "livelat": 0,
        "liveLocation": null,
        "creditBalance": 5,
        "myCash": 0
    },
    {
        "id": 3042,
        "name": "faiz",
        "email": "faizadequate@gmail.com",
        "password": "Test@1234",
        "about": "I am who I am. Your approval is not needed.",
        "token": "33dd5829-0a01-4b3b-80d3-1a63a75b3436",
        "country": null,
        "location": "New Delhi",
        "lng": 0,
        "lat": 0,
        "dob": "2019-12-12T12:10:02",
        "gender": 1,
        "userType": 1,
        "userStatus": 1,
        "profilePicture": "Images/80cdd447-4a3a-483f-b222-86989cc3d37e.png",
        "coverPicture": "Images/1717f4f1-47e1-4f5f-9129-72d7933aa15a.png",
        "enablefollowme": false,
        "sendmenotifications": false,
        "sendTextmessages": false,
        "enabletagging": false,
        "createdAt": "2019-12-26T06:30:58.6524884",
        "updatedAt": "2019-12-30T06:57:19.58494",
        "livelng": 77.379012,
        "livelat": 28.630232,
        "liveLocation": "H15, H Block, Sector 63, Noida, Uttar Pradesh 201301, India",
        "creditBalance": 38,
        "myCash": 0
    },
    {
        "id": 3041,
        "name": "Martin Wilson",
        "email": "ravencomputer667@gmail.com",
        "password": "martin@123",
        "about": "Travelers, ",
        "token": "18ceb759-241c-43d3-a9eb-5344ea2ef1d9",
        "country": null,
        "location": "Moorgate Station (Stop N), London EC2Y 5EJ, UK",
        "lng": 0,
        "lat": 0,
        "dob": "2019-12-11T12:29:13",
        "gender": 1,
        "userType": 1,
        "userStatus": 1,
        "profilePicture": "Images/023d1a36-ef5e-4248-a9a1-900069fe3f28.png",
        "coverPicture": "Images/0e773003-964f-42c8-b591-b33fa0563a85.png",
        "enablefollowme": true,
        "sendmenotifications": true,
        "sendTextmessages": false,
        "enabletagging": false,
        "createdAt": "2019-12-26T06:22:36.1180762",
        "updatedAt": "2019-12-26T06:29:14.6591852",
        "livelng": 0,
        "livelat": 0,
        "liveLocation": null,
        "creditBalance": 18,
        "myCash": 0
    },
    {
        "id": 3040,
        "name": "Shweta Singh",
        "email": "amelia.claire.hi@gmail.com",
        "password": "Test@1234",
        "about": "What others think of me is none of my business.I\u00e2\u20ac\u2122m the most awesome person I know.",
        "token": "e32b4e12-18f3-4fd0-9a3d-2021d8381dff",
        "country": null,
        "location": "India - Pakistan Border Rd, Bakhasar, Rajasthan 344706, India",
        "lng": 0,
        "lat": 0,
        "dob": "2019-12-02T11:47:56",
        "gender": 2,
        "userType": 1,
        "userStatus": 1,
        "profilePicture": "Images/085985b6-0662-4e1d-b5b4-20016d31514f.png",
        "coverPicture": "Images/7efb014a-f551-4702-b5af-2fe11cca2a88.png",
        "enablefollowme": false,
        "sendmenotifications": false,
        "sendTextmessages": false,
        "enabletagging": false,
        "createdAt": "2019-12-26T06:20:51.0353245",
        "updatedAt": "2019-12-30T06:24:31.9803752",
        "livelng": 77.3790045,
        "livelat": 28.630205699999998,
        "liveLocation": "Suite No. 203 H - 15 Rise tower, Sector 63, H Block, Sector 62, Noida, Uttar Pradesh 201301, India",
        "creditBalance": 77,
        "myCash": 0
    },
    {
        "id": 3039,
        "name": "jagjit",
        "email": "jagjit.singh.adequate.36@gmail.com",
        "password": "Test@1234",
        "about": "Take a chance and live life to the fullest. When we are at our most daring is when we feel the most fulfillment.",
        "token": "1e150816-7075-4d6d-b3d6-eb1c0e415e61",
        "country": null,
        "location": "Delhi - Meerut Expy, Nai Basti Dundahera, Ghaziabad, Uttar Pradesh 201009, India",
        "lng": 0,
        "lat": 0,
        "dob": "2012-01-03T12:00:00",
        "gender": 1,
        "userType": 1,
        "userStatus": 1,
        "profilePicture": "Images/fe49d058-de88-4805-8e2d-0c002b090d15.png",
        "coverPicture": "Images/a3dc98f7-0754-4616-bbc0-0395e19bb899.png",
        "enablefollowme": false,
        "sendmenotifications": false,
        "sendTextmessages": false,
        "enabletagging": false,
        "createdAt": "2019-12-26T06:20:32.873132",
        "updatedAt": "2020-01-02T06:29:36.6383214",
        "livelng": 77.3790121,
        "livelat": 28.630189800000004,
        "liveLocation": "H15, H Block, Sector 63, Noida, Uttar Pradesh 201301, India",
        "creditBalance": 32,
        "myCash": 0
    },
    {
        "id": 3038,
        "name": "Ashi 123",
        "email": "ashi123@gmail.com",
        "password": "Test@1234",
        "about": null,
        "token": "61a43ad3-02b3-4431-8c1b-1d29933147e1",
        "country": null,
        "location": null,
        "lng": 0,
        "lat": 0,
        "dob": null,
        "gender": 0,
        "userType": 1,
        "userStatus": 1,
        "profilePicture": null,
        "coverPicture": null,
        "enablefollowme": false,
        "sendmenotifications": false,
        "sendTextmessages": false,
        "enabletagging": false,
        "createdAt": "2019-12-26T05:30:27.4225101",
        "updatedAt": "2019-12-26T05:30:27.4225102",
        "livelng": 0,
        "livelat": 0,
        "liveLocation": null,
        "creditBalance": 0,
        "myCash": 0
    },
    {
        "id": 3037,
        "name": "shivamvermaa4",
        "email": "shivam.vemaa4@gmail.com",
        "password": "Shivam@123",
        "about": null,
        "token": "97534ce9-5386-4b92-9741-fc1860bbcd1a",
        "country": null,
        "location": null,
        "lng": 0,
        "lat": 0,
        "dob": null,
        "gender": 0,
        "userType": 1,
        "userStatus": 1,
        "profilePicture": null,
        "coverPicture": null,
        "enablefollowme": false,
        "sendmenotifications": false,
        "sendTextmessages": false,
        "enabletagging": false,
        "createdAt": "2019-12-24T11:58:30.3613651",
        "updatedAt": "2019-12-24T11:58:30.3613651",
        "livelng": 77.389849,
        "livelat": 28.6282231,
        "liveLocation": "Unnamed Road, Chhijarsi, Sector 63, Noida, Uttar Pradesh 201307, India",
        "creditBalance": 10,
        "myCash": 0
    },
    {
        "id": 3036,
        "name": "Sophia",
        "email": "n2@gmail.com",
        "password": "Test@123",
        "about": "WE",
        "token": "1ebfb0ac-7d98-43fb-ba41-0e40091c6071",
        "country": null,
        "location": "Saint-Louis-Strasse 3, 4056 Basel, Switzerland",
        "lng": 0,
        "lat": 0,
        "dob": "2019-12-18T03:18:47",
        "gender": 1,
        "userType": 1,
        "userStatus": 1,
        "profilePicture": "Images/f3f7694a-0de4-4598-b141-39ad550d1912.png",
        "coverPicture": "Images/ae9868ef-f87c-4cc2-8429-5cb46dba6cbd.png",
        "enablefollowme": false,
        "sendmenotifications": false,
        "sendTextmessages": false,
        "enabletagging": false,
        "createdAt": "2019-12-24T11:36:36.1739424",
        "updatedAt": "2019-12-26T09:48:57.2586835",
        "livelng": 77.389849,
        "livelat": 28.6282231,
        "liveLocation": "Unnamed Road, Chhijarsi, Sector 63, Noida, Uttar Pradesh 201307, India",
        "creditBalance": 45,
        "myCash": 0
    },
    {
        "id": 3035,
        "name": "n1",
        "email": "n1@gmail.com",
        "password": "Test@123",
        "about": "An ordinary Bharitya",
        "token": "c40422ef-27ac-4e40-adf5-87403143dc99",
        "country": null,
        "location": "451 DERA THAKRAN HARIDWAR ROAD MAHANT BALBIR SINGH MARKET, Haridwar Road, Haridwar Rd, Chauda Bigha, Rishikesh, Uttarakhand 249201, India",
        "lng": 0,
        "lat": 0,
        "dob": "2019-12-17T12:33:26",
        "gender": 1,
        "userType": 1,
        "userStatus": 1,
        "profilePicture": "Images/4e60754a-e8a7-4db7-b266-f28b2bcf00ae.png",
        "coverPicture": "Images/9ca02453-ecfe-4852-9124-aa0595a9e692.png",
        "enablefollowme": false,
        "sendmenotifications": false,
        "sendTextmessages": false,
        "enabletagging": false,
        "createdAt": "2019-12-24T11:36:03.4815197",
        "updatedAt": "2020-01-02T07:20:34.2742376",
        "livelng": 77.389849,
        "livelat": 28.6282231,
        "liveLocation": "Unnamed Road, Chhijarsi, Sector 63, Noida, Uttar Pradesh 201307, India",
        "creditBalance": 187,
        "myCash": 0
    },
    {
        "id": 3034,
        "name": "neha",
        "email": "neha@gmail.com",
        "password": "Test@123",
        "about": null,
        "token": "6aaaa999-8e14-40ca-b043-087624c48fd1",
        "country": null,
        "location": null,
        "lng": 0,
        "lat": 0,
        "dob": null,
        "gender": 0,
        "userType": 1,
        "userStatus": 1,
        "profilePicture": null,
        "coverPicture": null,
        "enablefollowme": false,
        "sendmenotifications": false,
        "sendTextmessages": false,
        "enabletagging": false,
        "createdAt": "2019-12-24T10:35:00.1292083",
        "updatedAt": "2019-12-24T10:35:00.1292083",
        "livelng": 77.3674236,
        "livelat": 28.6260665,
        "liveLocation": "35, Block A, Industrial Area, Sector 62, Noida, Uttar Pradesh 201309, India",
        "creditBalance": 53,
        "myCash": 0
    },
    {
        "id": 3033,
        "name": "sanjay",
        "email": "sanjay@gmail.com",
        "password": "Test@123",
        "about": null,
        "token": "c9989beb-685a-41d7-b6de-77dd208979df",
        "country": null,
        "location": null,
        "lng": 0,
        "lat": 0,
        "dob": null,
        "gender": 0,
        "userType": 1,
        "userStatus": 1,
        "profilePicture": null,
        "coverPicture": null,
        "enablefollowme": false,
        "sendmenotifications": false,
        "sendTextmessages": false,
        "enabletagging": false,
        "createdAt": "2019-12-24T08:16:23.8466413",
        "updatedAt": "2019-12-24T08:16:23.8466414",
        "livelng": 77.3674236,
        "livelat": 28.6260665,
        "liveLocation": "35, Block A, Industrial Area, Sector 62, Noida, Uttar Pradesh 201309, India",
        "creditBalance": 81,
        "myCash": 0
    },
    {
        "id": 3032,
        "name": "Akku2",
        "email": "akku2@gmail.com",
        "password": "zxcvbnm1",
        "about": null,
        "token": "12ac2112-c7b3-47d3-8d48-e839a1ce3955",
        "country": null,
        "location": null,
        "lng": 0,
        "lat": 0,
        "dob": null,
        "gender": 0,
        "userType": 1,
        "userStatus": 1,
        "profilePicture": null,
        "coverPicture": null,
        "enablefollowme": false,
        "sendmenotifications": false,
        "sendTextmessages": false,
        "enabletagging": false,
        "createdAt": "2019-12-24T07:30:32.9445148",
        "updatedAt": "2019-12-24T07:30:32.9445148",
        "livelng": 77.3790472,
        "livelat": 28.6302199,
        "liveLocation": "H15, H Block, Sector 63, Noida, Uttar Pradesh 201301, India",
        "creditBalance": 0,
        "myCash": 0
    },
    {
        "id": 3031,
        "name": "Ashish Thapliyal",
        "email": "ashi1@gmail.com",
        "password": "Test@1234",
        "about": "I Am Who I Am, Your Approval Is Not Needed. I Was Reminded That My Blood Type Is Be Positive",
        "token": "8889db9b-01f6-4305-b07d-aecc516037bb",
        "country": null,
        "location": "NH34, Shatabdi Nagar, Rithani, Meerut, Uttar Pradesh 250103, India",
        "lng": 0,
        "lat": 0,
        "dob": "1996-10-22T12:00:00",
        "gender": 1,
        "userType": 1,
        "userStatus": 1,
        "profilePicture": "Images/fc8af47d-ef15-4c25-9d3f-a7a58c7444f9.png",
        "coverPicture": "Images/92d0e3d1-c075-4dd8-8e8c-196f30e1e689.png",
        "enablefollowme": true,
        "sendmenotifications": true,
        "sendTextmessages": true,
        "enabletagging": true,
        "createdAt": "2019-12-24T06:52:08.6757278",
        "updatedAt": "2020-01-02T06:30:51.6595305",
        "livelng": 77.3790169,
        "livelat": 28.6301942,
        "liveLocation": "H15, H Block, Sector 63, Noida, Uttar Pradesh 201301, India",
        "creditBalance": 206,
        "myCash": 0
    },
    {
        "id": 3030,
        "name": "singh",
        "email": "singh@gmail.com",
        "password": "Test@123",
        "about": "jdfgjghjgf ",
        "token": "280a1f00-8597-4eee-8d46-9c8d5a120ac7",
        "country": null,
        "location": "Jg Halli Rd, Karnataka 577533, India",
        "lng": 0,
        "lat": 0,
        "dob": "2019-12-04T03:25:02",
        "gender": 1,
        "userType": 1,
        "userStatus": 1,
        "profilePicture": "Images/2f6c09a2-d758-45af-8724-e69a6b2eeed4.png",
        "coverPicture": "Images/4c997464-7384-4f26-bcab-ba6d0f1474b9.png",
        "enablefollowme": false,
        "sendmenotifications": false,
        "sendTextmessages": false,
        "enabletagging": false,
        "createdAt": "2019-12-24T06:32:23.0727945",
        "updatedAt": "2019-12-24T09:39:40.1944746",
        "livelng": 77.38982399999999,
        "livelat": 28.6285824,
        "liveLocation": "noidya sector 63 Vidya polymer, Chhijarsi, Sector 63, Noida, Uttar Pradesh 201307, India",
        "creditBalance": 30,
        "myCash": 0
    },
    {
        "id": 3029,
        "name": "Akku Testing",
        "email": "akku1@gmail.com",
        "password": "zxcvbnm1",
        "about": "For some reason you've got \"bootstrap-sass\": \"^3.3.7\" so it looks like you are mixing Bootstrap versions and might be using Bootstrap 3, effectively.",
        "token": "7b0400eb-cd4f-45df-a8db-0c0871d46906",
        "country": null,
        "location": "Noida-Greater Noida Expressway, Amit Nagar, Sadarpur, Greater Noida, Uttar Pradesh, India",
        "lng": 0,
        "lat": 0,
        "dob": "2019-12-18T06:26:55",
        "gender": 2,
        "userType": 1,
        "userStatus": 1,
        "profilePicture": "Images/eba5299c-5405-45cc-ac33-ef725d3e7bec.png",
        "coverPicture": "Images/b1d0cff4-3f1f-4571-a638-1e1094eb86bb.png",
        "enablefollowme": true,
        "sendmenotifications": true,
        "sendTextmessages": true,
        "enabletagging": false,
        "createdAt": "2019-12-24T06:31:54.9038705",
        "updatedAt": "2019-12-24T13:00:12.9520741",
        "livelng": 77.3790246,
        "livelat": 28.6302159,
        "liveLocation": "H15, H Block, Sector 63, Noida, Uttar Pradesh 201301, India",
        "creditBalance": 161,
        "myCash": 0
    },
    {
        "id": 3028,
        "name": "Aakankshi Gupta",
        "email": "aakankshi.cuminte@gmail.com",
        "password": "116331365713184193775",
        "about": null,
        "token": "c916c01f-5844-445b-9f5a-e60d77ecb620",
        "country": null,
        "location": null,
        "lng": 0,
        "lat": 0,
        "dob": null,
        "gender": 0,
        "userType": 1,
        "userStatus": 1,
        "profilePicture": "Images/9d38d28e-4021-4063-a703-821d1878a18c.png",
        "coverPicture": null,
        "enablefollowme": false,
        "sendmenotifications": false,
        "sendTextmessages": false,
        "enabletagging": false,
        "createdAt": "2019-12-16T06:56:43.320768",
        "updatedAt": "2019-12-16T06:56:43.3207681",
        "livelng": 77.37902439999999,
        "livelat": 28.630209599999997,
        "liveLocation": "H15, H Block, Sector 63, Noida, Uttar Pradesh 201301, India",
        "creditBalance": 0,
        "myCash": 0
    },
    {
        "id": 3026,
        "name": "Manresh Chandra 5",
        "email": "manresh5@gmail.com",
        "password": "zxcvbnm1",
        "about": "about.me is a personal web hosting service co-founded by Ryan Freitas, Tony Conrad and Tim Young in October 2009.a",
        "token": "3c8ad706-9667-477a-adb6-3539f7b10a67",
        "country": null,
        "location": "De\u00c3\u00a1k Ferenc t\u00c3\u00a9r",
        "lng": 0,
        "lat": 0,
        "dob": "2019-12-11T11:24:07",
        "gender": 3,
        "userType": 1,
        "userStatus": 1,
        "profilePicture": null,
        "coverPicture": null,
        "enablefollowme": true,
        "sendmenotifications": true,
        "sendTextmessages": true,
        "enabletagging": false,
        "createdAt": "2019-12-16T05:13:28.5717641",
        "updatedAt": "2019-12-16T05:13:28.5717641",
        "livelng": 77.3790338,
        "livelat": 28.630177699999997,
        "liveLocation": "H15, H Block, Sector 63, Noida, Uttar Pradesh 201301, India",
        "creditBalance": 0,
        "myCash": 0
    },
    {
        "id": 3025,
        "name": "Manresh Chandra 4",
        "email": "manresh4@gmail.com",
        "password": "zxcvbnm1",
        "about": null,
        "token": "8131e59d-7c83-4024-9423-0639a5887b52",
        "country": null,
        "location": null,
        "lng": 0,
        "lat": 0,
        "dob": null,
        "gender": 0,
        "userType": 1,
        "userStatus": 1,
        "profilePicture": null,
        "coverPicture": null,
        "enablefollowme": false,
        "sendmenotifications": false,
        "sendTextmessages": false,
        "enabletagging": false,
        "createdAt": "2019-12-16T05:11:34.473505",
        "updatedAt": "2019-12-16T05:11:34.473505",
        "livelng": 0,
        "livelat": 0,
        "liveLocation": null,
        "creditBalance": 0,
        "myCash": 0
    },
    {
        "id": 3024,
        "name": "Manresh Chandra 3",
        "email": "manresh3@gmail.com",
        "password": "zxcvbnm1",
        "about": null,
        "token": "dc752b59-3d36-4b07-bc5c-6cd5913bae83",
        "country": null,
        "location": null,
        "lng": 0,
        "lat": 0,
        "dob": null,
        "gender": 0,
        "userType": 1,
        "userStatus": 1,
        "profilePicture": null,
        "coverPicture": null,
        "enablefollowme": false,
        "sendmenotifications": false,
        "sendTextmessages": false,
        "enabletagging": false,
        "createdAt": "2019-12-16T05:03:39.4564421",
        "updatedAt": "2019-12-16T05:03:39.4564423",
        "livelng": 0,
        "livelat": 0,
        "liveLocation": null,
        "creditBalance": 3,
        "myCash": 0
    },
    {
        "id": 3023,
        "name": "Manresh Chandra 2",
        "email": "manresh2@gmail.com",
        "password": "zxcvbnm1",
        "about": null,
        "token": "867f49f2-8af8-45bf-9bd5-28ec641d3c44",
        "country": null,
        "location": null,
        "lng": 0,
        "lat": 0,
        "dob": null,
        "gender": 0,
        "userType": 1,
        "userStatus": 1,
        "profilePicture": null,
        "coverPicture": null,
        "enablefollowme": false,
        "sendmenotifications": false,
        "sendTextmessages": false,
        "enabletagging": false,
        "createdAt": "2019-12-16T05:01:14.0246654",
        "updatedAt": "2019-12-16T05:01:14.0246654",
        "livelng": 0,
        "livelat": 0,
        "liveLocation": null,
        "creditBalance": 0,
        "myCash": 0
    },
    {
        "id": 3022,
        "name": "Raju Prasad",
        "email": "raju.prasad@adequateinfosoft.com",
        "password": "Raju@1234",
        "about": null,
        "token": "58ecfd42-7f10-440e-8007-29c6fa524040",
        "country": null,
        "location": null,
        "lng": 0,
        "lat": 0,
        "dob": null,
        "gender": 0,
        "userType": 1,
        "userStatus": 1,
        "profilePicture": null,
        "coverPicture": null,
        "enablefollowme": false,
        "sendmenotifications": false,
        "sendTextmessages": false,
        "enabletagging": false,
        "createdAt": "2019-12-13T14:36:34.2151655",
        "updatedAt": "2019-12-13T14:36:34.2151655",
        "livelng": 0,
        "livelat": 0,
        "liveLocation": null,
        "creditBalance": 0,
        "myCash": 0
    },
    {
        "id": 3021,
        "name": "Ashok Patel",
        "email": "ashoktest@gmail.com",
        "password": "ashokpatel457",
        "about": null,
        "token": "520302ff-b08d-445f-be70-11c02d257e7e",
        "country": null,
        "location": null,
        "lng": 0,
        "lat": 0,
        "dob": null,
        "gender": 0,
        "userType": 1,
        "userStatus": 1,
        "profilePicture": null,
        "coverPicture": null,
        "enablefollowme": false,
        "sendmenotifications": false,
        "sendTextmessages": false,
        "enabletagging": false,
        "createdAt": "2019-12-13T13:47:59.4288322",
        "updatedAt": "2019-12-13T13:47:59.4288322",
        "livelng": 0,
        "livelat": 0,
        "liveLocation": null,
        "creditBalance": 3,
        "myCash": 0
    },
    {
        "id": 2021,
        "name": "manresh1",
        "email": "manresh1@gmail.com",
        "password": "zxcvbnm1",
        "about": null,
        "token": "9305e1c5-82e2-4a79-b0ca-37bb5880f505",
        "country": null,
        "location": null,
        "lng": 0,
        "lat": 0,
        "dob": null,
        "gender": 0,
        "userType": 1,
        "userStatus": 1,
        "profilePicture": null,
        "coverPicture": null,
        "enablefollowme": false,
        "sendmenotifications": false,
        "sendTextmessages": false,
        "enabletagging": false,
        "createdAt": "2019-12-13T13:17:31.2904215",
        "updatedAt": "2019-12-13T13:17:31.2904216",
        "livelng": 0,
        "livelat": 0,
        "liveLocation": null,
        "creditBalance": 2,
        "myCash": 0
    },
    {
        "id": 2020,
        "name": "Manresh Chandra",
        "email": "manresh@gmail.com",
        "password": "zxcvbnm1",
        "about": "My Name is Manresh Chandra. I'm self Motivated Person. I considers mine a \u00e2\u20ac\u02dcforever student,\u00e2\u20ac\u2122",
        "token": "bc370f5f-7d13-4fe6-9c2c-848198394f8a",
        "country": null,
        "location": null,
        "lng": 0,
        "lat": 0,
        "dob": null,
        "gender": 0,
        "userType": 1,
        "userStatus": 1,
        "profilePicture": null,
        "coverPicture": null,
        "enablefollowme": false,
        "sendmenotifications": false,
        "sendTextmessages": false,
        "enabletagging": false,
        "createdAt": "2019-12-13T07:08:47.9644619",
        "updatedAt": "2019-12-13T07:08:47.9644619",
        "livelng": 0,
        "livelat": 0,
        "liveLocation": null,
        "creditBalance": 3,
        "myCash": 0
    },
    {
        "id": 2019,
        "name": "Test",
        "email": "aakankshi7@gmail.com",
        "password": "zxcvbnm1",
        "about": "test",
        "token": "5a1218d2-5d66-4255-9137-0f7e700bdcab",
        "country": null,
        "location": "Noida",
        "lng": 0,
        "lat": 0,
        "dob": "2019-11-12T00:00:00",
        "gender": 2,
        "userType": 1,
        "userStatus": 1,
        "profilePicture": null,
        "coverPicture": "Images/6f1437c7-7796-4d27-8b9a-041f3c5b86d4.png",
        "enablefollowme": false,
        "sendmenotifications": false,
        "sendTextmessages": false,
        "enabletagging": false,
        "createdAt": "2019-12-05T05:39:51.4928759",
        "updatedAt": "2019-12-05T06:41:24.107938",
        "livelng": 0,
        "livelat": 0,
        "liveLocation": null,
        "creditBalance": 2,
        "myCash": 0
    },
    {
        "id": 2018,
        "name": "aakankshi6",
        "email": "aakankshi6@gmail.com",
        "password": "zxcvbnm1",
        "about": "A traveller without observation is a bird without wings . Life is a journey, not a destination. Never stop exploring",
        "token": "0ab8257f-7574-476d-b96f-508d3917af9b",
        "country": null,
        "location": "Noida",
        "lng": 0,
        "lat": 0,
        "dob": "2019-12-18T00:00:00",
        "gender": 3,
        "userType": 1,
        "userStatus": 1,
        "profilePicture": "Images/2e38c3c4-9e55-4b07-aedf-7e91934c167b.png",
        "coverPicture": "Images/938e342d-bd4e-4121-b222-9cb28f670d36.png",
        "enablefollowme": false,
        "sendmenotifications": false,
        "sendTextmessages": false,
        "enabletagging": false,
        "createdAt": "2019-12-05T05:16:04.4212331",
        "updatedAt": "2019-12-05T12:25:13.6221215",
        "livelng": 0,
        "livelat": 0,
        "liveLocation": null,
        "creditBalance": 0,
        "myCash": 0
    },
    {
        "id": 2017,
        "name": "aakankshi5",
        "email": "aakankshi5@gmail.com",
        "password": "zxcvbnm1",
        "about": null,
        "token": "b6fcf970-3271-492b-866c-76238f126c3f",
        "country": null,
        "location": null,
        "lng": 0,
        "lat": 0,
        "dob": null,
        "gender": 0,
        "userType": 1,
        "userStatus": 1,
        "profilePicture": "Images/86652baa-c60c-4ef8-8d65-0fda9bde5ae9.png",
        "coverPicture": "Images/51e3fb5e-a9a6-4b3d-8da0-7e882d7774db.png",
        "enablefollowme": false,
        "sendmenotifications": false,
        "sendTextmessages": false,
        "enabletagging": false,
        "createdAt": "2019-12-05T05:06:49.1838089",
        "updatedAt": "2019-12-05T05:22:00.9403881",
        "livelng": 0,
        "livelat": 0,
        "liveLocation": null,
        "creditBalance": 1,
        "myCash": 0
    },
    {
        "id": 2016,
        "name": "aakankshi4",
        "email": "aakankshi4@gmail.com",
        "password": "zxcvbnm1",
        "about": null,
        "token": "1b43db89-29a4-4966-ae57-86d705978dd3",
        "country": null,
        "location": null,
        "lng": 0,
        "lat": 0,
        "dob": null,
        "gender": 0,
        "userType": 1,
        "userStatus": 1,
        "profilePicture": "Images/3a369b02-20f5-46fc-b6d5-811c071d8afa.png",
        "coverPicture": "Images/7b23cd21-0474-473a-9b44-4bf97f67fba9.png",
        "enablefollowme": false,
        "sendmenotifications": false,
        "sendTextmessages": false,
        "enabletagging": false,
        "createdAt": "2019-12-05T05:04:21.8383669",
        "updatedAt": "2019-12-05T05:21:57.4139934",
        "livelng": 0,
        "livelat": 0,
        "liveLocation": null,
        "creditBalance": 0,
        "myCash": 0
    },
    {
        "id": 2015,
        "name": "aakankshi3",
        "email": "aakankshi3@gmail.com",
        "password": "zxcvbnm1",
        "about": null,
        "token": "d65f85e3-0f8d-4c67-8de8-1546a7518cba",
        "country": null,
        "location": null,
        "lng": 0,
        "lat": 0,
        "dob": null,
        "gender": 0,
        "userType": 1,
        "userStatus": 1,
        "profilePicture": "Images/a855f15e-f3b5-4873-8fdd-49172f8d5d51.png",
        "coverPicture": "Images/77db74bd-6df5-4dd3-abcc-f021e6486521.png",
        "enablefollowme": false,
        "sendmenotifications": false,
        "sendTextmessages": false,
        "enabletagging": false,
        "createdAt": "2019-12-05T05:02:05.1655627",
        "updatedAt": "2019-12-05T05:21:54.2379269",
        "livelng": 0,
        "livelat": 0,
        "liveLocation": null,
        "creditBalance": 0,
        "myCash": 0
    },
    {
        "id": 2014,
        "name": "Aakankshi 2",
        "email": "aakankshi2@gmail.com",
        "password": "zxcvbnm1",
        "about": "ewewrewrew",
        "token": "4e2923a9-b059-4dc9-8d92-ce0cffa84208",
        "country": null,
        "location": "Dada Dev Mandir Road",
        "lng": 0,
        "lat": 0,
        "dob": "2019-12-11T00:00:00",
        "gender": 0,
        "userType": 1,
        "userStatus": 1,
        "profilePicture": null,
        "coverPicture": null,
        "enablefollowme": true,
        "sendmenotifications": true,
        "sendTextmessages": true,
        "enabletagging": false,
        "createdAt": "2019-12-05T05:00:19.5034062",
        "updatedAt": "2019-12-05T05:00:19.5034063",
        "livelng": 77.3790249,
        "livelat": 28.6302141,
        "liveLocation": "H15, H Block, Sector 63, Noida, Uttar Pradesh 201301, India",
        "creditBalance": 5,
        "myCash": 0
    },
    {
        "id": 2013,
        "name": "Aakankshi 1",
        "email": "aakankshi1@gmail.com",
        "password": "zxcvbnm1",
        "about": "foundations in psychology and sociology and stassy ",
        "token": "d7fa7194-5ac2-4e32-b11b-3792e5cc067c",
        "country": null,
        "location": "Delhi",
        "lng": 0,
        "lat": 0,
        "dob": "2019-12-26T06:12:30",
        "gender": 1,
        "userType": 1,
        "userStatus": 1,
        "profilePicture": null,
        "coverPicture": null,
        "enablefollowme": true,
        "sendmenotifications": true,
        "sendTextmessages": true,
        "enabletagging": true,
        "createdAt": "2019-12-05T04:38:32.7808454",
        "updatedAt": "2019-12-06T05:41:05.3597939",
        "livelng": 77.389849,
        "livelat": 28.6282231,
        "liveLocation": "Unnamed Road, Chhijarsi, Sector 63, Noida, Uttar Pradesh 201307, India",
        "creditBalance": 269,
        "myCash": 36
    },
    {
        "id": 2012,
        "name": "Aakankshi Gupta",
        "email": "aakankshi@gmail.com",
        "password": "zxcvbnm1",
        "about": null,
        "token": "4c02ee6e-2cb5-4b75-888f-4adb7c790dad",
        "country": null,
        "location": null,
        "lng": 0,
        "lat": 0,
        "dob": null,
        "gender": 0,
        "userType": 1,
        "userStatus": 1,
        "profilePicture": null,
        "coverPicture": null,
        "enablefollowme": false,
        "sendmenotifications": false,
        "sendTextmessages": false,
        "enabletagging": false,
        "createdAt": "2019-12-05T04:35:42.6189131",
        "updatedAt": "2019-12-05T04:35:42.6189131",
        "livelng": 0,
        "livelat": 0,
        "liveLocation": null,
        "creditBalance": 3,
        "myCash": 0
    },
    {
        "id": 2011,
        "name": "Aankashi",
        "email": "alokpatel@gmail.com",
        "password": "pankaj@123",
        "about": "its me",
        "token": "4516169a-58e3-4d04-a355-8c608be5d583",
        "country": null,
        "location": "New Delhi",
        "lng": 0,
        "lat": 0,
        "dob": "2019-12-05T00:00:00",
        "gender": 1,
        "userType": 1,
        "userStatus": 1,
        "profilePicture": "Images/9b0f8891-98ec-4b10-91b8-a9f8fbb6d108.png",
        "coverPicture": "Images/fe2c72d4-8eb6-47e6-9e8e-5d1e15e2b9ea.png",
        "enablefollowme": false,
        "sendmenotifications": false,
        "sendTextmessages": false,
        "enabletagging": false,
        "createdAt": "2019-11-30T05:36:52.1332523",
        "updatedAt": "2019-12-05T05:21:49.0948144",
        "livelng": 0,
        "livelat": 0,
        "liveLocation": null,
        "creditBalance": 4,
        "myCash": 0
    },
    {
        "id": 2010,
        "name": "Test 10",
        "email": "test02@gmail.com",
        "password": "123456",
        "about": null,
        "token": "ba805b5d-f38f-4a33-9fcb-60f30923479d",
        "country": null,
        "location": null,
        "lng": 0,
        "lat": 0,
        "dob": null,
        "gender": 0,
        "userType": 1,
        "userStatus": 1,
        "profilePicture": null,
        "coverPicture": null,
        "enablefollowme": false,
        "sendmenotifications": false,
        "sendTextmessages": false,
        "enabletagging": false,
        "createdAt": "2019-11-27T10:41:07.8215121",
        "updatedAt": "2019-11-27T10:41:07.8215122",
        "livelng": 0,
        "livelat": 0,
        "liveLocation": null,
        "creditBalance": 3,
        "myCash": 0
    },
    {
        "id": 2009,
        "name": "Test 9",
        "email": "test10@gmail.com",
        "password": "123456",
        "about": null,
        "token": "1fa26ffa-465e-499f-ae9d-3e36fb94a0ea",
        "country": null,
        "location": null,
        "lng": 0,
        "lat": 0,
        "dob": null,
        "gender": 0,
        "userType": 1,
        "userStatus": 1,
        "profilePicture": null,
        "coverPicture": null,
        "enablefollowme": false,
        "sendmenotifications": false,
        "sendTextmessages": false,
        "enabletagging": false,
        "createdAt": "2019-11-27T10:20:10.5816545",
        "updatedAt": "2019-11-27T10:20:10.5816545",
        "livelng": 0,
        "livelat": 0,
        "liveLocation": null,
        "creditBalance": 0,
        "myCash": 0
    },
    {
        "id": 2008,
        "name": "Test 8",
        "email": "test3@test.com",
        "password": "123456",
        "about": null,
        "token": "822e8f5c-74ba-41f9-911e-9e5a47351dc5",
        "country": null,
        "location": null,
        "lng": 0,
        "lat": 0,
        "dob": null,
        "gender": 0,
        "userType": 1,
        "userStatus": 1,
        "profilePicture": null,
        "coverPicture": null,
        "enablefollowme": false,
        "sendmenotifications": false,
        "sendTextmessages": false,
        "enabletagging": false,
        "createdAt": "2019-11-27T10:09:42.6969868",
        "updatedAt": "2019-11-27T10:09:42.6969869",
        "livelng": 0,
        "livelat": 0,
        "liveLocation": null,
        "creditBalance": 0,
        "myCash": 0
    },
    {
        "id": 2007,
        "name": "Neeraj Singh",
        "email": "neirajsingh100@gmail.com",
        "password": "100569704678350206382",
        "about": null,
        "token": "47d25887-1933-4cbc-a4eb-6cc829c9cad6",
        "country": null,
        "location": null,
        "lng": 0,
        "lat": 0,
        "dob": null,
        "gender": 0,
        "userType": 1,
        "userStatus": 1,
        "profilePicture": "/images/9c2dbeed-5ce9-4411-a549-255dc35da175.png",
        "coverPicture": "Images/d3cfe52d-93b0-4f35-87c9-d0c2f18f8daa.png",
        "enablefollowme": false,
        "sendmenotifications": false,
        "sendTextmessages": false,
        "enabletagging": false,
        "createdAt": "2019-11-26T12:42:18.6778716",
        "updatedAt": "2019-12-05T05:20:40.9827126",
        "livelng": 0,
        "livelat": 0,
        "liveLocation": null,
        "creditBalance": 2,
        "myCash": 0
    },
    {
        "id": 2006,
        "name": "Hr. Niels Henriksen",
        "email": "contact@adequateinfosoft.com",
        "password": "354343138574152",
        "about": "i am software developer",
        "token": "347d684e-da9b-450e-bc94-cd5a99b04234",
        "country": null,
        "location": "Jaypee Greens Pari Chowk, Tugalpur Village, Greater Noida, Uttar Pradesh 201310, India",
        "lng": 0,
        "lat": 0,
        "dob": "2019-12-28T06:04:42",
        "gender": 1,
        "userType": 1,
        "userStatus": 1,
        "profilePicture": null,
        "coverPicture": "Images/ac6a163f-af9f-46db-8327-94ab870000f4.png",
        "enablefollowme": false,
        "sendmenotifications": false,
        "sendTextmessages": false,
        "enabletagging": false,
        "createdAt": "2019-11-26T05:58:34.894975",
        "updatedAt": "2019-12-05T05:20:37.5393081",
        "livelng": 77.3790241,
        "livelat": 28.6302086,
        "liveLocation": "H15, H Block, Sector 63, Noida, Uttar Pradesh 201301, India",
        "creditBalance": 11,
        "myCash": 0
    },
    {
        "id": 2005,
        "name": "Test 6",
        "email": "pankajadequate@gmail.com",
        "password": "sndsjkdsaj161564sasa",
        "about": null,
        "token": "7a4ae2e1-5b65-4aad-96f0-43336fad5a3b",
        "country": null,
        "location": null,
        "lng": 0,
        "lat": 0,
        "dob": null,
        "gender": 0,
        "userType": 1,
        "userStatus": 1,
        "profilePicture": null,
        "coverPicture": "Images/b372a834-231a-4ea1-beef-5c3c3fb33ef2.png",
        "enablefollowme": false,
        "sendmenotifications": false,
        "sendTextmessages": false,
        "enabletagging": false,
        "createdAt": "2019-11-25T13:12:47.6690112",
        "updatedAt": "2019-12-05T05:20:34.2935856",
        "livelng": 0,
        "livelat": 0,
        "liveLocation": null,
        "creditBalance": 2,
        "myCash": 0
    },
    {
        "id": 2004,
        "name": "Test 5",
        "email": "pankajws@gmail.com",
        "password": "Pankaj@123",
        "about": null,
        "token": "1fd08288-57aa-41d9-ae44-29fcbb0a78a6",
        "country": null,
        "location": null,
        "lng": 0,
        "lat": 0,
        "dob": null,
        "gender": 0,
        "userType": 1,
        "userStatus": 1,
        "profilePicture": null,
        "coverPicture": "Images/519c95d8-79d3-4d18-bac8-fc75b817eac9.png",
        "enablefollowme": false,
        "sendmenotifications": false,
        "sendTextmessages": false,
        "enabletagging": false,
        "createdAt": "2019-11-25T11:29:06.938541",
        "updatedAt": "2019-12-05T05:20:30.604524",
        "livelng": 0,
        "livelat": 0,
        "liveLocation": null,
        "creditBalance": 4,
        "myCash": 0
    },
    {
        "id": 2,
        "name": "rajat Saxena",
        "email": "rajat.nirmal@gmail.com",
        "password": "test",
        "about": "abcd",
        "token": "00fb57db-10ad-4661-b3e0-7366c6698ac0",
        "country": null,
        "location": "3465",
        "lng": 8.7977,
        "lat": 5.8348759,
        "dob": "2019-11-17T16:56:35.8",
        "gender": 1,
        "userType": 1,
        "userStatus": 1,
        "profilePicture": "Images/0f0ab4a5-4f00-4275-b2dc-be3b157f5e53.png",
        "coverPicture": "Images/0153a968-6dd0-4c9c-9b92-8995e99985d3.png",
        "enablefollowme": false,
        "sendmenotifications": false,
        "sendTextmessages": false,
        "enabletagging": false,
        "createdAt": "2019-11-17T16:56:35.8",
        "updatedAt": "2019-12-05T05:21:02.1337931",
        "livelng": 0,
        "livelat": 0,
        "liveLocation": null,
        "creditBalance": 43,
        "myCash": 0
    },
    {
        "id": 3,
        "name": "Pankaj Patel",
        "email": "Pankaj@gmail.com",
        "password": "123456",
        "about": null,
        "token": "f6b4bcc8-448b-4b65-84cb-48e9569c5cfe",
        "country": null,
        "location": null,
        "lng": 0,
        "lat": 0,
        "dob": null,
        "gender": 0,
        "userType": 1,
        "userStatus": 1,
        "profilePicture": "Images/0eff867e-62ec-43a7-a535-7e83b6b27a30.png",
        "coverPicture": "Images/4bbe816b-a60c-419f-a87b-34508c633d30.png",
        "enablefollowme": false,
        "sendmenotifications": false,
        "sendTextmessages": false,
        "enabletagging": false,
        "createdAt": "0001-01-01T00:00:00",
        "updatedAt": "2019-12-05T13:25:01.977078",
        "livelng": 0,
        "livelat": 0,
        "liveLocation": null,
        "creditBalance": 62,
        "myCash": 0
    },
    {
        "id": 1003,
        "name": "Test 2",
        "email": "pankajabc@gmail.com",
        "password": "Pankaj@123",
        "about": "An ordinary bhartiya..",
        "token": "c8f53478-4cfb-4382-8531-b44b6d20cd8c",
        "country": null,
        "location": "Jaipur Engineering College Rd, Kukas, Rajasthan 302028, India",
        "lng": 0,
        "lat": 0,
        "dob": "2019-12-31T11:06:38",
        "gender": 2,
        "userType": 1,
        "userStatus": 1,
        "profilePicture": "Images/07cac01f-2a12-4125-ba8b-8eff42333925.png",
        "coverPicture": "Images/db6fce41-9924-4c78-9099-c2890e6f0cac.png",
        "enablefollowme": false,
        "sendmenotifications": false,
        "sendTextmessages": false,
        "enabletagging": false,
        "createdAt": "0001-01-01T00:00:00",
        "updatedAt": "2019-12-23T13:43:27.5816869",
        "livelng": 77.389849,
        "livelat": 28.6282231,
        "liveLocation": "Unnamed Road, Chhijarsi, Sector 63, Noida, Uttar Pradesh 201307, India",
        "creditBalance": 16,
        "myCash": 0
    },
    {
        "id": 1004,
        "name": "Test 2",
        "email": "pankajabcd@gmail.com",
        "password": "Pankaj@123",
        "about": null,
        "token": "3f92cdef-1d8a-4f08-8468-9938dc9284ce",
        "country": null,
        "location": null,
        "lng": 0,
        "lat": 0,
        "dob": null,
        "gender": 0,
        "userType": 1,
        "userStatus": 1,
        "profilePicture": null,
        "coverPicture": "Images/7da06d0e-e110-44e9-b417-4b014fe8a889.png",
        "enablefollowme": false,
        "sendmenotifications": false,
        "sendTextmessages": false,
        "enabletagging": false,
        "createdAt": "0001-01-01T00:00:00",
        "updatedAt": "2019-12-05T05:19:23.3650433",
        "livelng": 77.3674236,
        "livelat": 28.6260665,
        "liveLocation": "35, Block A, Industrial Area, Sector 62, Noida, Uttar Pradesh 201309, India",
        "creditBalance": 3,
        "myCash": 0
    },
    {
        "id": 1005,
        "name": "Test 3",
        "email": "test@test.com",
        "password": "123456",
        "about": null,
        "token": "cc2ed6c5-0a59-4aca-9b8e-a686e0a4fa03",
        "country": null,
        "location": null,
        "lng": 0,
        "lat": 0,
        "dob": null,
        "gender": 0,
        "userType": 1,
        "userStatus": 1,
        "profilePicture": null,
        "coverPicture": "Images/6d9afca5-3e79-4979-9091-a83d8df7b388.png",
        "enablefollowme": false,
        "sendmenotifications": false,
        "sendTextmessages": false,
        "enabletagging": false,
        "createdAt": "0001-01-01T00:00:00",
        "updatedAt": "2019-12-05T05:19:29.704463",
        "livelng": 0,
        "livelat": 0,
        "liveLocation": null,
        "creditBalance": 44,
        "myCash": 0
    },
    {
        "id": 1006,
        "name": "Test 4",
        "email": "test1@test.com",
        "password": "123456",
        "about": null,
        "token": "f33f3325-bb08-41a5-b545-d2b5c443720f",
        "country": null,
        "location": null,
        "lng": 0,
        "lat": 0,
        "dob": null,
        "gender": 0,
        "userType": 1,
        "userStatus": 1,
        "profilePicture": "Images/b3f2677f-10a8-46e6-8d48-cfba2cc1e0b5.png",
        "coverPicture": "Images/e9845113-f874-469d-8e89-53a86f351887.png",
        "enablefollowme": false,
        "sendmenotifications": false,
        "sendTextmessages": false,
        "enabletagging": false,
        "createdAt": "0001-01-01T00:00:00",
        "updatedAt": "2019-12-05T05:22:11.8963884",
        "livelng": 0,
        "livelat": 0,
        "liveLocation": null,
        "creditBalance": 1,
        "myCash": 0
    }
]